{"cameraMode":{"drawMode":0,"name":"Shaded","section":"Shading Mode"},"sceneLighting":true,"audioPlay":false,"sceneViewState":{"showFog":true,"showMaterialUpdate":false,"showSkybox":true,"showFlares":true,"showImageEffects":true,"showParticleSystems":true},"in2DMode":false,"pivot":{"x":7.515559196472168,"y":4.915278434753418,"z":0.9296483993530273},"rotation":{"x":0.031180663034319879,"y":-0.017393581569194795,"z":-0.0005426942952908576,"w":-0.999363362789154},"size":50.95372772216797,"orthographic":false}